2019-15-6 17:23:00,ABCDEFGHIJKLMNOPQRSTUVWXYZ,10
2019-15-6 18:23:00,ABCDEFGHIJKLMNOPQRSTUVW,9
2019-15-6 19:22:00,ABCDEFGHIJKLMNOPQRST,8
2019-15-6 20:22:00,ABCDEFGHIJKLMNOPQ,7
2019-15-6 21:22:00,ABCDEFGHIJKLMN,6
2019-15-6 17:23:00,ABCDEFGHIJKLMNOPQRSTUVWXYZ,10
2019-15-6 18:23:00,ABCDEFGHIJKLMNOPQRSTUVW,9
2019-15-6 19:22:00,ABCDEFGHIJKLMNOPQRST,8
2019-15-6 20:22:00,ABCDEFGHIJKLMNOPQ,7
2019-15-6 21:22:00,ABCDEFGHIJKLMN,6
2019-15-6 17:23:00,ABCDEFGHIJKLMNOPQRSTUVWXYZ,10
2019-15-6 18:23:00,ABCDEFGHIJKLMNOPQRSTUVW,9
2019-15-6 19:22:00,ABCDEFGHIJKLMNOPQRST,8
2019-15-6 20:22:00,ABCDEFGHIJKLMNOPQ,7
2019-15-6 21:22:00,ABCDEFGHIJKLMN,6
2019-15-6 17:23:00,ABCDEFGHIJKLMNOPQRSTUVWXYZ,10
2019-15-6 18:23:00,ABCDEFGHIJKLMNOPQRSTUVW,9
2019-15-6 19:22:00,ABCDEFGHIJKLMNOPQRST,8
2019-15-6 20:22:00,ABCDEFGHIJKLMNOPQ,7
2019-15-6 21:22:00,ABCDEFGHIJKLMN,6
2019-15-6 17:23:00,ABCDEFGHIJKLMNOPQRSTUVWXYZ,10
2019-15-6 18:23:00,ABCDEFGHIJKLMNOPQRSTUVW,9
2019-15-6 19:22:00,ABCDEFGHIJKLMNOPQRST,8
2019-15-6 20:22:00,ABCDEFGHIJKLMNOPQ,7
2019-15-6 21:22:00,ABCDEFGHIJKLMN,6
2019-15-6 17:23:00,ABCDEFGHIJKLMNOPQRSTUVWXYZ,10
2019-15-6 18:23:00,ABCDEFGHIJKLMNOPQRSTUVW,9
2019-15-6 19:22:00,ABCDEFGHIJKLMNOPQRST,8
2019-15-6 20:22:00,ABCDEFGHIJKLMNOPQ,7
2019-15-6 21:22:00,ABCDEFGHIJKLMN,6
2019-15-6 17:23:00,ABCDEFGHIJKLMNOPQRSTUVWXYZ,10
2019-15-6 18:23:00,ABCDEFGHIJKLMNOPQRSTUVW,9
2019-15-6 19:22:00,ABCDEFGHIJKLMNOPQRST,8
2019-15-6 20:22:00,ABCDEFGHIJKLMNOPQ,7
2019-15-6 21:22:00,ABCDEFGHIJKLMN,6
2019-15-6 17:23:00,ABCDEFGHIJKLMNOPQRSTUVWXYZ,10
2019-15-6 18:23:00,ABCDEFGHIJKLMNOPQRSTUVW,9
2019-15-6 19:22:00,ABCDEFGHIJKLMNOPQRST,8
2019-15-6 20:22:00,ABCDEFGHIJKLMNOPQ,7
2019-15-6 21:22:00,ABCDEFGHIJKLMN,6
2019-15-6 17:23:00,ABCDEFGHIJKLMNOPQRSTUVWXYZ,10
2019-15-6 18:23:00,ABCDEFGHIJKLMNOPQRSTUVW,9
2019-15-6 19:22:00,ABCDEFGHIJKLMNOPQRST,8
2019-15-6 20:22:00,ABCDEFGHIJKLMNOPQ,7
2019-15-6 21:22:00,ABCDEFGHIJKLMN,6
2019-15-6 17:23:00,ABCDEFGHIJKLMNOPQRSTUVWXYZ,10
2019-15-6 18:23:00,ABCDEFGHIJKLMNOPQRSTUVW,9
2019-15-6 19:22:00,ABCDEFGHIJKLMNOPQRST,8
2019-15-6 20:22:00,ABCDEFGHIJKLMNOPQ,7
2019-15-6 21:22:00,ABCDEFGHIJKLMN,6
EOF,EOF,EOF
